model,rmse,mae,mse,r2
LIGHTGBM,6.085183525212036,4.8025245379672175,37.029458535511985,0.4213768868963198
